,FID,FID_1,FID_,TA_DATE,TRACKID,Name,Shape_Leng,Distance,LATITUDE,LONGITUDE,TA_DATE2,ZTIME,LOCALTIME,ORBIT_NAME,FLAG_TRUE_
0,0,2358,5437,Fri Sep  1 17:33:17 2017,SENTINEL-2A_40697,RELATIVE ORBIT 26,0.858412250715,0.00694651,-67.8948975,-127.4499969,2017-09-01 17:33:17,-8,2017-09-01 09:33:17,R026,1
1,1,4736,11355,Fri Sep  1 19:15:02 2017,SENTINEL-2A_40697,RELATIVE ORBIT 27,1.0274244830200001,0.00856903,-71.2694016,-157.4620056,2017-09-01 19:15:02,-10,2017-09-01 09:15:02,R027,1
2,2,14222,34647,Sat Sep  2 01:58:33 2017,SENTINEL-2A_40697,RELATIVE ORBIT 31,1.26315607813,0.00665459,-73.49510189999998,97.5098038,2017-09-02 01:58:33,7,2017-09-02 08:58:33,R031,1
3,3,16583,40272,Sat Sep  2 03:37:13 2017,SENTINEL-2A_40697,RELATIVE ORBIT 32,0.820032038397,0.00554056,-67.0373001,82.50520319999998,2017-09-02 03:37:13,6,2017-09-02 09:37:13,R032,1
4,4,18955,46204,Sat Sep  2 05:19:02 2017,SENTINEL-2A_40697,RELATIVE ORBIT 33,0.992249142464,0.00925925,-70.6529999,52.5026016,2017-09-02 05:19:02,4,2017-09-02 09:19:02,R033,1
5,5,21312,52117,Sat Sep  2 07:00:34 2017,SENTINEL-2A_40697,RELATIVE ORBIT 34,1.20669584331,0.01078241,-73.2506027,22.5237999,2017-09-02 07:00:34,2,2017-09-02 09:00:34,R034,1
6,6,23669,57819,Sat Sep  2 08:39:10 2017,SENTINEL-2A_40697,RELATIVE ORBIT 35,0.80331942482,0.00495716,-66.552803,7.51717,2017-09-02 08:39:10,1,2017-09-02 09:39:10,R035,1
7,7,26025,63700,Sat Sep  2 10:21:01 2017,SENTINEL-2A_40697,RELATIVE ORBIT 36,0.960242347642,0.0076474,-70.2899017,-22.4563999,2017-09-02 10:21:01,-1,2017-09-02 09:21:01,R036,1
8,8,28375,69479,Sat Sep  2 12:02:34 2017,SENTINEL-2A_40697,RELATIVE ORBIT 37,1.15532493156,0.00757876,-72.95310209999998,-52.3703995,2017-09-02 12:02:34,-3,2017-09-02 09:02:34,R037,1
9,9,30719,75219,Sat Sep  2 13:41:07 2017,SENTINEL-2A_40697,RELATIVE ORBIT 38,0.80331942482,0.00456987,-66.066597,-67.4906998,2017-09-02 13:41:07,-4,2017-09-02 09:41:07,R038,1
10,10,33092,81141,Sat Sep  2 15:23:00 2017,SENTINEL-2A_40697,RELATIVE ORBIT 39,0.960242347642,0.00726951,-69.9257965,-97.4352036,2017-09-02 15:23:00,-6,2017-09-02 09:23:00,R039,1
11,11,35452,87033,Sat Sep  2 17:04:36 2017,SENTINEL-2A_40697,RELATIVE ORBIT 40,1.15532493156,0.01016879,-72.75689699999998,-127.4929962,2017-09-02 17:04:36,-8,2017-09-02 09:04:36,R040,1
12,12,37844,92838,Sat Sep  2 18:45:59 2017,SENTINEL-2A_40697,RELATIVE ORBIT 41,1.39331010387,0.01068199,-74.8124008,-157.4720001,2017-09-02 18:45:59,-10,2017-09-02 08:45:59,R041,1
13,13,40216,98621,Sat Sep  2 20:24:59 2017,SENTINEL-2A_40697,RELATIVE ORBIT 42,0.931111400703,0.00820479,-69.5596008,-172.4309998,2017-09-02 20:24:59,-11,2017-09-02 09:24:59,R042,1
14,14,47443,115978,Sun Sep  3 01:26:58 2017,SENTINEL-2A_40697,RELATIVE ORBIT 45,0.904587414074,0.00711726,-69.1920013,112.5569992,2017-09-03 01:26:58,8,2017-09-03 09:26:58,R045,1
15,15,49806,121863,Sun Sep  3 03:08:37 2017,SENTINEL-2A_40697,RELATIVE ORBIT 46,1.10859358896,0.010007,-72.2062988,82.5373993,2017-09-03 03:08:37,6,2017-09-03 09:08:37,R046,1
16,16,52320,127771,Sun Sep  3 04:50:02 2017,SENTINEL-2A_40697,RELATIVE ORBIT 47,1.32518951221,0.00973407,-74.3859024,52.5954018,2017-09-03 04:50:02,4,2017-09-03 08:50:02,R047,1
17,17,54687,133505,Sun Sep  3 06:28:57 2017,SENTINEL-2A_40697,RELATIVE ORBIT 48,0.904587414074,0.00642211,-68.8233032,37.5289993,2017-09-03 06:28:57,3,2017-09-03 09:28:57,R048,1
18,18,57052,139308,Sun Sep  3 08:10:37 2017,SENTINEL-2A_40697,RELATIVE ORBIT 49,1.066088659,0.00772422,-71.9032974,7.5770302,2017-09-03 08:10:37,1,2017-09-03 09:10:37,R049,1
19,19,59554,145213,Sun Sep  3 09:52:04 2017,SENTINEL-2A_40697,RELATIVE ORBIT 50,1.3251904396699998,0.01111282,-74.1957016,-22.4535999,2017-09-03 09:52:04,-1,2017-09-03 08:52:04,R050,1
20,20,61904,150924,Sun Sep  3 11:30:55 2017,SENTINEL-2A_40697,RELATIVE ORBIT 51,0.880428857292,0.00747616,-68.3991013,-37.4458008,2017-09-03 11:30:55,-2,2017-09-03 09:30:55,R051,1
21,21,64271,156804,Sun Sep  3 13:12:38 2017,SENTINEL-2A_40697,RELATIVE ORBIT 52,1.066088659,0.00983168,-71.6517029,-67.4945984,2017-09-03 13:12:38,-4,2017-09-03 09:12:38,R052,1
22,22,66784,162600,Sun Sep  3 14:54:05 2017,SENTINEL-2A_40697,RELATIVE ORBIT 53,1.26315699586,0.00801856,-73.95520019999998,-97.3961029,2017-09-03 14:54:05,-6,2017-09-03 08:54:05,R053,1
23,23,69148,168361,Sun Sep  3 16:32:53 2017,SENTINEL-2A_40697,RELATIVE ORBIT 54,0.858412250715,0.00739441,-67.973999,-112.4410019,2017-09-03 16:32:53,-7,2017-09-03 09:32:53,R054,1
24,24,71524,174302,Sun Sep  3 18:14:38 2017,SENTINEL-2A_40697,RELATIVE ORBIT 55,1.02742362373,0.00786995,-71.3457031,-142.4859924,2017-09-03 18:14:38,-9,2017-09-03 09:14:38,R055,1
25,25,73974,180199,Sun Sep  3 19:56:07 2017,SENTINEL-2A_40697,RELATIVE ORBIT 56,1.26315607813,0.01066298,-73.76260379999998,-172.4689941,2017-09-03 19:56:07,-11,2017-09-03 08:56:07,R056,1
26,26,81044,197590,Mon Sep  4 00:58:08 2017,SENTINEL-2A_40697,RELATIVE ORBIT 59,1.26315699586,0.00756665,-73.51850129999998,112.5630035,2017-09-04 00:58:08,8,2017-09-04 08:58:08,R059,1
27,27,83399,203300,Mon Sep  4 02:36:49 2017,SENTINEL-2A_40697,RELATIVE ORBIT 60,0.820031294726,0.00471412,-67.1173019,97.5197983,2017-09-04 02:36:49,7,2017-09-04 09:36:49,R060,1
28,28,85770,209221,Mon Sep  4 04:18:37 2017,SENTINEL-2A_40697,RELATIVE ORBIT 61,0.9922499883820001,0.00910589,-70.6768036,67.5695038,2017-09-04 04:18:37,5,2017-09-04 09:18:37,R061,1
29,29,88129,215054,Mon Sep  4 06:00:09 2017,SENTINEL-2A_40697,RELATIVE ORBIT 62,1.20669584331,0.01102851,-73.27449799999998,37.5775986,2017-09-04 06:00:09,3,2017-09-04 09:00:09,R062,1
30,30,90478,220796,Mon Sep  4 07:38:46 2017,SENTINEL-2A_40697,RELATIVE ORBIT 63,0.820032038397,0.0055494,-66.6335983,22.5347004,2017-09-04 07:38:46,2,2017-09-04 09:38:46,R063,1
31,31,92844,226691,Mon Sep  4 09:20:37 2017,SENTINEL-2A_40697,RELATIVE ORBIT 64,0.960242347642,0.00656645,-70.3682022,-7.47084,2017-09-04 09:20:37,0,2017-09-04 09:20:37,R064,1
32,32,95183,232541,Mon Sep  4 11:02:10 2017,SENTINEL-2A_40697,RELATIVE ORBIT 65,1.20669493599,0.00846341,-73.0282974,-37.4216003,2017-09-04 11:02:10,-2,2017-09-04 09:02:10,R065,1
33,33,97528,238154,Mon Sep  4 12:40:43 2017,SENTINEL-2A_40697,RELATIVE ORBIT 66,0.80331942482,0.0060188,-66.1475983,-52.4698982,2017-09-04 12:40:43,-3,2017-09-04 09:40:43,R066,1
34,34,99902,244074,Mon Sep  4 14:22:36 2017,SENTINEL-2A_40697,RELATIVE ORBIT 67,0.960242347642,0.00871039,-70.004303,-82.4455032,2017-09-04 14:22:36,-5,2017-09-04 09:22:36,R067,1
35,35,102263,249974,Mon Sep  4 16:04:11 2017,SENTINEL-2A_40697,RELATIVE ORBIT 68,1.15532493156,0.01048873,-72.78109739999998,-112.435997,2017-09-04 16:04:11,-7,2017-09-04 09:04:11,R068,1
36,36,104643,255855,Mon Sep  4 17:45:34 2017,SENTINEL-2A_40697,RELATIVE ORBIT 69,1.39331010387,0.01076733,-74.8355026,-142.4290009,2017-09-04 17:45:34,-9,2017-09-04 08:45:34,R069,1
37,37,107017,261527,Mon Sep  4 19:24:35 2017,SENTINEL-2A_40697,RELATIVE ORBIT 70,0.931111400703,0.00847892,-69.638298,-157.4369965,2017-09-04 19:24:35,-10,2017-09-04 09:24:35,R070,1
38,38,116575,284860,Tue Sep  5 02:08:12 2017,SENTINEL-2A_40697,RELATIVE ORBIT 74,1.10859447346,0.0103191,-72.2301025,97.5978012,2017-09-05 02:08:12,7,2017-09-05 09:08:12,R074,1
39,39,119085,290672,Tue Sep  5 03:49:38 2017,SENTINEL-2A_40697,RELATIVE ORBIT 75,1.3251904396699998,0.00825232,-74.457901,67.5177002,2017-09-05 03:49:38,5,2017-09-05 08:49:38,R075,1
40,40,121450,296444,Tue Sep  5 05:28:33 2017,SENTINEL-2A_40697,RELATIVE ORBIT 76,0.904587414074,0.00788439,-68.9029999,52.528801,2017-09-05 05:28:33,4,2017-09-05 09:28:33,R076,1
41,41,123809,302336,Tue Sep  5 07:10:13 2017,SENTINEL-2A_40697,RELATIVE ORBIT 77,1.10859447346,0.00769921,-71.9801025,22.5417995,2017-09-05 07:10:13,2,2017-09-05 09:10:13,R077,1
42,42,126314,308204,Tue Sep  5 08:51:39 2017,SENTINEL-2A_40697,RELATIVE ORBIT 78,1.32518951221,0.01159743,-74.2194977,-7.4063501,2017-09-05 08:51:39,0,2017-09-05 08:51:39,R078,1
43,43,128658,313843,Tue Sep  5 10:30:31 2017,SENTINEL-2A_40697,RELATIVE ORBIT 79,0.880428068581,0.00829926,-68.4791031,-22.4423008,2017-09-05 10:30:31,-1,2017-09-05 09:30:31,R079,1
44,44,131023,319744,Tue Sep  5 12:12:13 2017,SENTINEL-2A_40697,RELATIVE ORBIT 80,1.066088659,0.01025311,-71.67639920000002,-52.4328995,2017-09-05 12:12:13,-3,2017-09-05 09:12:13,R080,1
45,45,133523,325621,Tue Sep  5 13:53:41 2017,SENTINEL-2A_40697,RELATIVE ORBIT 81,1.32518951221,0.00845771,-74.028801,-82.4664001,2017-09-05 13:53:41,-5,2017-09-05 08:53:41,R081,1
46,46,135884,331347,Tue Sep  5 15:32:29 2017,SENTINEL-2A_40697,RELATIVE ORBIT 82,0.8584128841490001,0.00744735,-68.0541,-97.4335022,2017-09-05 15:32:29,-6,2017-09-05 09:32:29,R082,1
47,47,138252,337155,Tue Sep  5 17:14:13 2017,SENTINEL-2A_40697,RELATIVE ORBIT 83,1.0274244830200001,0.00776475,-71.37069700000002,-127.4240036,2017-09-05 17:14:13,-8,2017-09-05 09:14:13,R083,1
48,48,140716,343083,Tue Sep  5 18:55:42 2017,SENTINEL-2A_40697,RELATIVE ORBIT 84,1.26315607813,0.01088314,-73.786499,-157.4190063,2017-09-05 18:55:42,-10,2017-09-05 08:55:42,R084,1
49,49,143075,348807,Tue Sep  5 20:34:27 2017,SENTINEL-2A_40697,RELATIVE ORBIT 85,0.8383413356730001,0.00570595,-67.6269989,-172.4420013,2017-09-05 20:34:27,-11,2017-09-05 09:34:27,R085,1
50,50,150153,366174,Wed Sep  6 01:36:25 2017,SENTINEL-2A_40697,RELATIVE ORBIT 88,0.8383413356730001,0.00572277,-67.1984024,112.5329971,2017-09-06 01:36:25,8,2017-09-06 09:36:25,R088,1
51,51,152522,372072,Wed Sep  6 03:18:13 2017,SENTINEL-2A_40697,RELATIVE ORBIT 89,0.9922499883820001,0.00887858,-70.7552032,82.5495987,2017-09-06 03:18:13,6,2017-09-06 09:18:13,R089,1
52,52,154868,377979,Wed Sep  6 04:59:45 2017,SENTINEL-2A_40697,RELATIVE ORBIT 90,1.20669584331,0.01027067,-73.34860229999998,52.5208015,2017-09-06 04:59:45,4,2017-09-06 08:59:45,R090,1
53,53,157219,383682,Wed Sep  6 06:38:22 2017,SENTINEL-2A_40697,RELATIVE ORBIT 91,0.820032038397,0.00663111,-66.716301,37.5491982,2017-09-06 06:38:22,3,2017-09-06 09:38:22,R091,1
54,54,159590,389517,Wed Sep  6 08:20:13 2017,SENTINEL-2A_40697,RELATIVE ORBIT 92,0.992249142464,0.00805096,-70.4481964,7.5103998,2017-09-06 08:20:13,1,2017-09-06 09:20:13,R092,1
55,55,161930,395390,Wed Sep  6 10:01:46 2017,SENTINEL-2A_40697,RELATIVE ORBIT 93,1.20669584331,0.01013741,-73.10520169999998,-22.4787006,2017-09-06 10:01:46,-1,2017-09-06 09:01:46,R093,1
56,56,164277,401079,Wed Sep  6 11:40:19 2017,SENTINEL-2A_40697,RELATIVE ORBIT 94,0.80331942482,0.00671731,-66.2303009,-37.4519997,2017-09-06 11:40:19,-2,2017-09-06 09:40:19,R094,1
57,57,166649,406971,Wed Sep  6 13:22:12 2017,SENTINEL-2A_40697,RELATIVE ORBIT 95,0.960242347642,0.00934808,-70.0846024,-67.4599991,2017-09-06 13:22:12,-4,2017-09-06 09:22:12,R095,1
58,58,169015,412782,Wed Sep  6 15:03:47 2017,SENTINEL-2A_40697,RELATIVE ORBIT 96,1.15532493156,0.00983672,-72.8582993,-97.4884033,2017-09-06 15:03:47,-6,2017-09-06 09:03:47,R096,1
59,59,171368,418690,Wed Sep  6 16:45:09 2017,SENTINEL-2A_40697,RELATIVE ORBIT 97,1.39331010387,0.01047024,-74.8603973,-127.3909988,2017-09-06 16:45:09,-8,2017-09-06 08:45:09,R097,1
60,60,173737,424468,Wed Sep  6 18:24:11 2017,SENTINEL-2A_40697,RELATIVE ORBIT 98,0.931110582771,0.00797912,-69.7192001,-142.447998,2017-09-06 18:24:11,-9,2017-09-06 09:24:11,R098,1
61,61,176107,430363,Wed Sep  6 20:05:47 2017,SENTINEL-2A_40697,RELATIVE ORBIT 99,1.15532493156,0.00892418,-72.5586014,-172.4089966,2017-09-06 20:05:47,-11,2017-09-06 09:05:47,R099,1
62,62,183289,447754,Thu Sep  7 01:07:48 2017,SENTINEL-2A_40697,RELATIVE ORBIT 102,1.10859405551,0.0099616,-72.3085022,112.5530014,2017-09-07 01:07:48,8,2017-09-07 09:07:48,R102,1
63,63,185797,453605,Thu Sep  7 02:49:13 2017,SENTINEL-2A_40697,RELATIVE ORBIT 103,1.32519081361,0.00751572,-74.4833984,82.5575027,2017-09-07 02:49:13,6,2017-09-07 08:49:13,R103,1
64,64,188166,459265,Thu Sep  7 04:28:09 2017,SENTINEL-2A_40697,RELATIVE ORBIT 104,0.9045868186939999,0.00856469,-68.9838028,67.5258026,2017-09-07 04:28:09,5,2017-09-07 09:28:09,R104,1
65,65,190531,465178,Thu Sep  7 06:09:49 2017,SENTINEL-2A_40697,RELATIVE ORBIT 105,1.10859494001,0.00940031,-72.0580978,37.5024986,2017-09-07 06:09:49,3,2017-09-07 09:09:49,R105,1
66,66,193038,471071,Thu Sep  7 07:51:15 2017,SENTINEL-2A_40697,RELATIVE ORBIT 106,1.32519081361,0.01155162,-74.2939987,7.5136299,2017-09-07 07:51:15,1,2017-09-07 08:51:15,R106,1
67,67,195398,476792,Thu Sep  7 09:30:07 2017,SENTINEL-2A_40697,RELATIVE ORBIT 107,0.880428857292,0.00839502,-68.5606003,-7.44173,2017-09-07 09:30:07,0,2017-09-07 09:30:07,R107,1
68,68,197743,482639,Thu Sep  7 11:11:49 2017,SENTINEL-2A_40697,RELATIVE ORBIT 108,1.066088659,0.01023868,-71.7544022,-37.4670982,2017-09-07 11:11:49,-2,2017-09-07 09:11:49,R108,1
69,69,200251,488447,Thu Sep  7 12:53:16 2017,SENTINEL-2A_40697,RELATIVE ORBIT 109,1.32519081361,0.00933509,-74.05429839999998,-67.4224014,2017-09-07 12:53:16,-4,2017-09-07 08:53:16,R109,1
70,70,202620,494196,Thu Sep  7 14:32:06 2017,SENTINEL-2A_40697,RELATIVE ORBIT 110,0.8584128841490001,0.00624148,-68.1905975,-82.4972,2017-09-07 14:32:06,-5,2017-09-07 09:32:06,R110,1
71,71,204990,500099,Thu Sep  7 16:13:49 2017,SENTINEL-2A_40697,RELATIVE ORBIT 111,1.066088659,0.00722998,-71.4499969,-112.4550018,2017-09-07 16:13:49,-7,2017-09-07 09:13:49,R111,1
72,72,207482,506007,Thu Sep  7 17:55:18 2017,SENTINEL-2A_40697,RELATIVE ORBIT 112,1.26315659867,0.01029822,-73.8623962,-142.4909973,2017-09-07 17:55:18,-9,2017-09-07 08:55:18,R112,1
73,73,209845,511678,Thu Sep  7 19:34:04 2017,SENTINEL-2A_40697,RELATIVE ORBIT 113,0.8584128841490001,0.00647828,-67.7640991,-157.5,2017-09-07 19:34:04,-10,2017-09-07 09:34:04,R113,1
74,74,219309,534939,Fri Sep  8 02:17:49 2017,SENTINEL-2A_40697,RELATIVE ORBIT 117,0.9922486091509999,0.0080442,-70.8354034,97.5255966,2017-09-08 02:17:49,7,2017-09-08 09:17:49,R117,1
75,75,221668,540865,Fri Sep  8 03:59:20 2017,SENTINEL-2A_40697,RELATIVE ORBIT 118,1.20669584331,0.01008747,-73.3749008,67.5684967,2017-09-08 03:59:20,5,2017-09-08 08:59:20,R118,1
76,76,224018,546592,Fri Sep  8 05:37:59 2017,SENTINEL-2A_40697,RELATIVE ORBIT 119,0.82003062618,0.00764777,-66.8532028,52.5033989,2017-09-08 05:37:59,4,2017-09-08 09:37:59,R119,1
77,77,226393,552493,Fri Sep  8 07:19:48 2017,SENTINEL-2A_40697,RELATIVE ORBIT 120,0.992249455069,0.00873494,-70.4745026,22.5750008,2017-09-08 07:19:48,2,2017-09-08 09:19:48,R120,1
78,78,228752,558287,Fri Sep  8 09:01:21 2017,SENTINEL-2A_40697,RELATIVE ORBIT 121,1.20669584331,0.01072309,-73.1304016,-7.4267998,2017-09-08 09:01:21,0,2017-09-08 09:01:21,R121,1
79,79,231081,563994,Fri Sep  8 10:39:56 2017,SENTINEL-2A_40697,RELATIVE ORBIT 122,0.80331942482,0.00727716,-66.3677979,-22.4923992,2017-09-08 10:39:56,-1,2017-09-08 09:39:56,R122,1
80,80,233457,569914,Fri Sep  8 12:21:47 2017,SENTINEL-2A_40697,RELATIVE ORBIT 123,0.96024290225,0.00965711,-70.1122971,-52.3959999,2017-09-08 12:21:47,-3,2017-09-08 09:21:47,R123,1
81,81,235824,575797,Fri Sep  8 14:03:22 2017,SENTINEL-2A_40697,RELATIVE ORBIT 124,1.15532493156,0.00960649,-72.88490299999998,-82.4376984,2017-09-08 14:03:22,-5,2017-09-08 09:03:22,R124,1
82,82,238176,581421,Fri Sep  8 15:41:52 2017,SENTINEL-2A_40697,RELATIVE ORBIT 125,0.7880551977879999,0.00670929,-65.8267975,-97.4518967,2017-09-08 15:41:52,-6,2017-09-08 09:41:52,R125,1
83,83,240553,587389,Fri Sep  8 17:23:47 2017,SENTINEL-2A_40697,RELATIVE ORBIT 126,0.931110825389,0.00706356,-69.8005981,-127.4609985,2017-09-08 17:23:47,-8,2017-09-08 09:23:47,R126,1
84,84,242922,593294,Fri Sep  8 19:05:23 2017,SENTINEL-2A_40697,RELATIVE ORBIT 127,1.15532582779,0.01025229,-72.6368027,-157.4600067,2017-09-08 19:05:23,-10,2017-09-08 09:05:23,R127,1
85,85,252604,616551,Sat Sep  9 01:48:48 2017,SENTINEL-2A_40697,RELATIVE ORBIT 131,1.39331010387,0.01038114,-74.52100369999998,97.5707016,2017-09-09 01:48:48,7,2017-09-09 08:48:48,R131,1
86,86,254980,622276,Sat Sep  9 03:27:45 2017,SENTINEL-2A_40697,RELATIVE ORBIT 132,0.904587414074,0.01151005,-69.0790024,82.5072021,2017-09-09 03:27:45,6,2017-09-09 09:27:45,R132,1
87,87,257348,628182,Sat Sep  9 05:09:24 2017,SENTINEL-2A_40697,RELATIVE ORBIT 133,1.10859447346,0.01291329,-72.0988998,52.5376015,2017-09-09 05:09:24,4,2017-09-09 09:09:24,R133,1
88,88,259860,634010,Sat Sep  9 06:50:50 2017,SENTINEL-2A_40697,RELATIVE ORBIT 134,1.3251904396699998,0.01370266,-74.3332977,22.5268002,2017-09-09 06:50:50,2,2017-09-09 08:50:50,R134,1
89,89,262226,639748,Sat Sep  9 08:29:43 2017,SENTINEL-2A_40697,RELATIVE ORBIT 135,0.880428068581,0.0113147,-68.6579971,7.5429101,2017-09-09 08:29:43,1,2017-09-09 09:29:43,R135,1
90,90,264581,645602,Sat Sep  9 10:11:24 2017,SENTINEL-2A_40697,RELATIVE ORBIT 136,1.066088659,0.01304774,-71.7966003,-22.4316998,2017-09-09 10:11:24,-1,2017-09-09 09:11:24,R136,1
91,91,267091,651465,Sat Sep  9 11:52:51 2017,SENTINEL-2A_40697,RELATIVE ORBIT 137,1.3251904396699998,0.01275669,-74.09439849999998,-52.4076996,2017-09-09 11:52:51,-3,2017-09-09 08:52:51,R137,1
92,92,269453,657113,Sat Sep  9 13:31:41 2017,SENTINEL-2A_40697,RELATIVE ORBIT 138,0.880428242528,0.00965367,-68.2337036,-67.4399033,2017-09-09 13:31:41,-4,2017-09-09 09:31:41,R138,1
93,93,271820,663019,Sat Sep  9 15:13:24 2017,SENTINEL-2A_40697,RELATIVE ORBIT 139,1.066088659,0.01150234,-71.4918976,-97.4160004,2017-09-09 15:13:24,-6,2017-09-09 09:13:24,R139,1
94,94,274339,668908,Sat Sep  9 16:54:53 2017,SENTINEL-2A_40697,RELATIVE ORBIT 140,1.26315699586,0.01252475,-73.9027023,-127.4729996,2017-09-09 16:54:53,-8,2017-09-09 08:54:53,R140,1
95,95,276709,674640,Sat Sep  9 18:33:39 2017,SENTINEL-2A_40697,RELATIVE ORBIT 141,0.8584128841490001,0.01093748,-67.8080978,-142.4420013,2017-09-09 18:33:39,-9,2017-09-09 09:33:39,R141,1
96,96,279086,680442,Sat Sep  9 20:15:24 2017,SENTINEL-2A_40697,RELATIVE ORBIT 142,1.02742362373,0.0131876,-71.1860962,-172.4179993,2017-09-09 20:15:24,-11,2017-09-09 09:15:24,R142,1
97,97,286240,697813,Sun Sep 10 01:17:24 2017,SENTINEL-2A_40697,RELATIVE ORBIT 2,0.992249142464,0.01081029,-70.8759003,112.5709991,2017-09-10 01:17:24,8,2017-09-10 09:17:24,R002,1
98,98,288603,703610,Sun Sep 10 02:58:55 2017,SENTINEL-2A_40697,RELATIVE ORBIT 3,1.20669584331,0.0123749,-73.4136963,82.5951996,2017-09-10 02:58:55,6,2017-09-10 08:58:55,R003,1
99,99,290964,709367,Sun Sep 10 04:37:35 2017,SENTINEL-2A_40697,RELATIVE ORBIT 4,0.820032038397,0.01138264,-66.9487991,67.5074005,2017-09-10 04:37:35,5,2017-09-10 09:37:35,R004,1
100,100,293345,715272,Sun Sep 10 06:19:24 2017,SENTINEL-2A_40697,RELATIVE ORBIT 5,0.992249142464,0.01348752,-70.57009890000002,37.5369987,2017-09-10 06:19:24,3,2017-09-10 09:19:24,R005,1
101,101,295708,721130,Sun Sep 10 08:00:56 2017,SENTINEL-2A_40697,RELATIVE ORBIT 6,1.20669584331,0.01435298,-73.17150119999998,7.5981302,2017-09-10 08:00:56,1,2017-09-10 09:00:56,R006,1
102,102,298050,726739,Sun Sep 10 09:39:32 2017,SENTINEL-2A_40697,RELATIVE ORBIT 7,0.80331942482,0.01108511,-66.4670029,-7.4875998,2017-09-10 09:39:32,0,2017-09-10 09:39:32,R007,1
103,103,300403,732619,Sun Sep 10 11:21:23 2017,SENTINEL-2A_40697,RELATIVE ORBIT 8,0.960242347642,0.01315186,-70.2072983,-37.4273987,2017-09-10 11:21:23,-2,2017-09-10 09:21:23,R008,1
104,104,302769,738486,Sun Sep 10 13:02:57 2017,SENTINEL-2A_40697,RELATIVE ORBIT 9,1.15532493156,0.012208,-72.9252014,-67.4083023,2017-09-10 13:02:57,-4,2017-09-10 09:02:57,R009,1
105,105,305126,744176,Sun Sep 10 14:41:29 2017,SENTINEL-2A_40697,RELATIVE ORBIT 10,0.788055911314,0.00995707,-65.9804993,-82.49890139999998,2017-09-10 14:41:29,-5,2017-09-10 09:41:29,R010,1
106,106,307504,749995,Sun Sep 10 16:23:23 2017,SENTINEL-2A_40697,RELATIVE ORBIT 11,0.960242347642,0.01119505,-69.8962021,-112.4889984,2017-09-10 16:23:23,-7,2017-09-10 09:23:23,R011,1
107,107,309872,755937,Sun Sep 10 18:04:58 2017,SENTINEL-2A_40697,RELATIVE ORBIT 12,1.15532493156,0.01394213,-72.6774979,-142.4279938,2017-09-10 18:04:58,-9,2017-09-10 09:04:58,R012,1
108,108,312300,761769,Sun Sep 10 19:46:22 2017,SENTINEL-2A_40697,RELATIVE ORBIT 13,1.39331010387,0.01431597,-74.7858963,-172.4960022,2017-09-10 19:46:22,-11,2017-09-10 08:46:22,R013,1
109,109,321899,784852,Mon Sep 11 02:27:20 2017,SENTINEL-2A_40697,RELATIVE ORBIT 17,0.904587414074,0.01258421,-69.1092987,97.5728989,2017-09-11 02:27:20,7,2017-09-11 09:27:20,R017,1
110,110,324270,790730,Mon Sep 11 04:08:58 2017,SENTINEL-2A_40697,RELATIVE ORBIT 18,1.10859447346,0.01307582,-72.07520289999998,67.6875992,2017-09-11 04:08:58,5,2017-09-11 09:08:58,R018,1
111,111,326790,796514,Mon Sep 11 05:50:25 2017,SENTINEL-2A_40697,RELATIVE ORBIT 19,1.3251904396699998,0.01379547,-74.3600006,37.5657997,2017-09-11 05:50:25,3,2017-09-11 08:50:25,R019,1
112,112,329166,802267,Mon Sep 11 07:29:19 2017,SENTINEL-2A_40697,RELATIVE ORBIT 20,0.880428857292,0.01065045,-68.740799,22.5405006,2017-09-11 07:29:19,2,2017-09-11 09:29:19,R020,1
113,113,331538,808145,Mon Sep 11 09:11:00 2017,SENTINEL-2A_40697,RELATIVE ORBIT 21,1.066088659,0.01243254,-71.8761978,-7.4698501,2017-09-11 09:11:00,0,2017-09-11 09:11:00,R021,1
114,114,334037,813986,Mon Sep 11 10:52:27 2017,SENTINEL-2A_40697,RELATIVE ORBIT 22,1.32518951221,0.01437185,-74.1700974,-37.4861984,2017-09-11 10:52:27,-2,2017-09-11 08:52:27,R022,1
115,115,336404,819595,Mon Sep 11 12:31:17 2017,SENTINEL-2A_40697,RELATIVE ORBIT 23,0.880428068581,0.01131017,-68.316803,-52.4389992,2017-09-11 12:31:17,-3,2017-09-11 09:31:17,R023,1
116,116,338776,825487,Mon Sep 11 14:13:00 2017,SENTINEL-2A_40697,RELATIVE ORBIT 24,1.066088659,0.01309085,-71.57189940000002,-82.4505005,2017-09-11 14:13:00,-5,2017-09-11 09:13:00,R024,1
117,117,341296,831407,Mon Sep 11 15:54:28 2017,SENTINEL-2A_40697,RELATIVE ORBIT 25,1.26315607813,0.012191,-73.9291,-112.4300003,2017-09-11 15:54:28,-7,2017-09-11 08:54:28,R025,1
118,118,341305,831707,Fri Sep  1 17:01:22 2017,SENTINEL-2A_40697,RELATIVE ORBIT 26,0.6221728485320001,0.01658284,44.1884003,-89.4599991,2017-09-01 17:01:22,-6,2017-09-01 11:01:22,R026,1
119,119,341313,831724,Fri Sep  1 18:42:04 2017,SENTINEL-2A_40697,RELATIVE ORBIT 27,0.6221728485320001,0.01656123,44.1852989,-114.6360016,2017-09-01 18:42:04,-8,2017-09-01 10:42:04,R027,1
120,120,341321,831742,Fri Sep  1 20:22:46 2017,SENTINEL-2A_40697,RELATIVE ORBIT 28,0.6221728485320001,0.01665537,44.1831017,-139.8119965,2017-09-01 20:22:46,-9,2017-09-01 11:22:46,R028,1
121,121,341330,831761,Fri Sep  1 22:03:28 2017,SENTINEL-2A_40697,RELATIVE ORBIT 29,0.6221728485320001,0.01668063,44.1800995,-164.9880066,2017-09-01 22:03:28,-11,2017-09-01 11:03:28,R029,1
122,122,341339,831779,Fri Sep  1 23:44:10 2017,SENTINEL-2A_40697,RELATIVE ORBIT 30,0.6221728485320001,0.01672484,44.1771011,169.8359985,2017-09-01 23:44:10,11,2017-09-02 10:44:10,R030,1
123,123,341347,831797,Sat Sep  2 01:24:51 2017,SENTINEL-2A_40697,RELATIVE ORBIT 31,0.6221728485320001,0.01691998,44.2324982,144.6820068,2017-09-02 01:24:51,10,2017-09-02 11:24:51,R031,1
124,124,341355,831814,Sat Sep  2 03:05:34 2017,SENTINEL-2A_40697,RELATIVE ORBIT 32,0.6221728485320001,0.0168432,44.1711006,119.4840012,2017-09-02 03:05:34,8,2017-09-02 11:05:34,R032,1
125,125,341364,831832,Sat Sep  2 04:46:16 2017,SENTINEL-2A_40697,RELATIVE ORBIT 33,0.6221728485320001,0.01710423,44.1677017,94.30809780000001,2017-09-02 04:46:16,6,2017-09-02 10:46:16,R033,1
126,126,341374,831851,Sat Sep  2 06:26:58 2017,SENTINEL-2A_40697,RELATIVE ORBIT 34,0.6221728485320001,0.01714233,44.1646996,69.132103,2017-09-02 06:26:58,5,2017-09-02 11:26:58,R034,1
127,127,341383,831869,Sat Sep  2 08:07:40 2017,SENTINEL-2A_40697,RELATIVE ORBIT 35,0.6221728485320001,0.01715734,44.1615982,43.9561005,2017-09-02 08:07:40,3,2017-09-02 11:07:40,R035,1
128,128,341392,831887,Sat Sep  2 09:48:22 2017,SENTINEL-2A_40697,RELATIVE ORBIT 36,0.6221728485320001,0.01714947,44.1585007,18.7801991,2017-09-02 09:48:22,1,2017-09-02 10:48:22,R036,1
129,129,341401,831905,Sat Sep  2 11:29:04 2017,SENTINEL-2A_40697,RELATIVE ORBIT 37,0.6221728485320001,0.01712062,44.1553993,-6.3957601,2017-09-02 11:29:04,0,2017-09-02 11:29:04,R037,1
130,130,341411,831924,Sat Sep  2 13:09:46 2017,SENTINEL-2A_40697,RELATIVE ORBIT 38,0.6221728485320001,0.01698699,44.1517982,-31.5716991,2017-09-02 13:09:46,-2,2017-09-02 11:09:46,R038,1
131,131,341420,831942,Sat Sep  2 14:50:28 2017,SENTINEL-2A_40697,RELATIVE ORBIT 39,0.6221728485320001,0.01693864,44.1487999,-56.7476997,2017-09-02 14:50:28,-4,2017-09-02 10:50:28,R039,1
132,132,341429,831960,Sat Sep  2 16:31:10 2017,SENTINEL-2A_40697,RELATIVE ORBIT 40,0.6221728485320001,0.01689587,44.1456985,-81.9235992,2017-09-02 16:31:10,-5,2017-09-02 11:31:10,R040,1
133,133,341438,831979,Sat Sep  2 18:11:52 2017,SENTINEL-2A_40697,RELATIVE ORBIT 41,0.6221728485320001,0.01686694,44.1427002,-107.098999,2017-09-02 18:11:52,-7,2017-09-02 11:11:52,R041,1
134,134,341447,831998,Sat Sep  2 19:52:33 2017,SENTINEL-2A_40697,RELATIVE ORBIT 42,0.6221728485320001,0.01697347,44.1977997,-132.2539978,2017-09-02 19:52:33,-9,2017-09-02 10:52:33,R042,1
135,135,341455,832016,Sat Sep  2 21:33:15 2017,SENTINEL-2A_40697,RELATIVE ORBIT 43,0.6221728485320001,0.01699128,44.1948013,-157.4299927,2017-09-02 21:33:15,-10,2017-09-02 11:33:15,R043,1
136,136,341464,832034,Sat Sep  2 23:13:57 2017,SENTINEL-2A_40697,RELATIVE ORBIT 44,0.6221728485320001,0.01703039,44.1917992,177.3939972,2017-09-02 23:13:57,12,2017-09-03 11:13:57,R044,1
137,137,341472,832052,Sun Sep  3 00:54:38 2017,SENTINEL-2A_40697,RELATIVE ORBIT 45,0.6221728485320001,0.01721401,44.2472,152.2389984,2017-09-03 00:54:38,10,2017-09-03 10:54:38,R045,1
138,138,341481,832071,Sun Sep  3 02:35:21 2017,SENTINEL-2A_40697,RELATIVE ORBIT 46,0.6221728485320001,0.01714356,44.1856995,127.0419998,2017-09-03 02:35:21,8,2017-09-03 10:35:21,R046,1
139,139,341489,832088,Sun Sep  3 04:16:03 2017,SENTINEL-2A_40697,RELATIVE ORBIT 47,0.6221728485320001,0.0171991,44.1827011,101.8659973,2017-09-03 04:16:03,7,2017-09-03 11:16:03,R047,1
140,140,341497,832106,Sun Sep  3 05:56:45 2017,SENTINEL-2A_40697,RELATIVE ORBIT 48,0.6221728485320001,0.01719529,44.1801987,76.6902008,2017-09-03 05:56:45,5,2017-09-03 10:56:45,R048,1
141,141,341505,832124,Sun Sep  3 07:37:27 2017,SENTINEL-2A_40697,RELATIVE ORBIT 49,0.6221728485320001,0.017217,44.1771011,51.5141983,2017-09-03 07:37:27,3,2017-09-03 10:37:27,R049,1
142,142,341514,832143,Sun Sep  3 09:18:09 2017,SENTINEL-2A_40697,RELATIVE ORBIT 50,0.6221728485320001,0.01721496,44.1739006,26.3383007,2017-09-03 09:18:09,2,2017-09-03 11:18:09,R050,1
143,143,341522,832160,Sun Sep  3 10:58:51 2017,SENTINEL-2A_40697,RELATIVE ORBIT 51,0.6221728485320001,0.01719068,44.1707993,1.16231,2017-09-03 10:58:51,0,2017-09-03 10:58:51,R051,1
144,144,341531,832178,Sun Sep  3 12:39:33 2017,SENTINEL-2A_40697,RELATIVE ORBIT 52,0.6221728485320001,0.01691202,44.1674004,-24.0135002,2017-09-03 12:39:33,-2,2017-09-03 10:39:33,R052,1
145,145,341540,832196,Sun Sep  3 14:20:15 2017,SENTINEL-2A_40697,RELATIVE ORBIT 53,0.6221728485320001,0.01686338,44.164299,-49.1893997,2017-09-03 14:20:15,-3,2017-09-03 11:20:15,R053,1
146,146,341550,832215,Sun Sep  3 16:00:57 2017,SENTINEL-2A_40697,RELATIVE ORBIT 54,0.6221728485320001,0.0168173,44.1612015,-74.36530299999998,2017-09-03 16:00:57,-5,2017-09-03 11:00:57,R054,1
147,147,341559,832233,Sun Sep  3 17:41:39 2017,SENTINEL-2A_40697,RELATIVE ORBIT 55,0.6221728485320001,0.0167835,44.1581993,-99.5411987,2017-09-03 17:41:39,-7,2017-09-03 10:41:39,R055,1
148,148,341568,832251,Sun Sep  3 19:22:21 2017,SENTINEL-2A_40697,RELATIVE ORBIT 56,0.6221728485320001,0.01676934,44.155201,-124.7170029,2017-09-03 19:22:21,-8,2017-09-03 11:22:21,R056,1
149,149,341577,832269,Sun Sep  3 21:03:03 2017,SENTINEL-2A_40697,RELATIVE ORBIT 57,0.6221728485320001,0.0168885,44.1531982,-149.8930054,2017-09-03 21:03:03,-10,2017-09-03 11:03:03,R057,1
150,150,341587,832288,Sun Sep  3 22:43:45 2017,SENTINEL-2A_40697,RELATIVE ORBIT 58,0.6221728485320001,0.01692184,44.1501999,-175.0690002,2017-09-03 22:43:45,-12,2017-09-03 10:43:45,R058,1
151,151,341596,832306,Mon Sep  4 00:24:26 2017,SENTINEL-2A_40697,RELATIVE ORBIT 59,0.6221728485320001,0.01712528,44.2056007,159.7769928,2017-09-04 00:24:26,11,2017-09-04 11:24:26,R059,1
152,152,341605,832324,Mon Sep  4 02:05:09 2017,SENTINEL-2A_40697,RELATIVE ORBIT 60,0.6221728485320001,0.01703159,44.1441994,134.5789948,2017-09-04 02:05:09,9,2017-09-04 11:05:09,R060,1
153,153,341614,832342,Mon Sep  4 03:45:51 2017,SENTINEL-2A_40697,RELATIVE ORBIT 61,0.6221728485320001,0.01708942,44.141201,109.4029999,2017-09-04 03:45:51,7,2017-09-04 10:45:51,R061,1
154,154,341623,832361,Mon Sep  4 05:26:32 2017,SENTINEL-2A_40697,RELATIVE ORBIT 62,0.6221728485320001,0.01739308,44.1959991,84.2482986,2017-09-04 05:26:32,6,2017-09-04 11:26:32,R062,1
155,155,341631,832379,Mon Sep  4 07:07:14 2017,SENTINEL-2A_40697,RELATIVE ORBIT 63,0.6221728485320001,0.01742215,44.1929016,59.0723,2017-09-04 07:07:14,4,2017-09-04 11:07:14,R063,1
156,156,341639,832396,Mon Sep  4 08:47:56 2017,SENTINEL-2A_40697,RELATIVE ORBIT 64,0.6221728485320001,0.01742886,44.1898003,33.8963013,2017-09-04 08:47:56,2,2017-09-04 10:47:56,R064,1
157,157,341647,832414,Mon Sep  4 10:28:38 2017,SENTINEL-2A_40697,RELATIVE ORBIT 65,0.6221728485320001,0.01741248,44.1866989,8.7203598,2017-09-04 10:28:38,1,2017-09-04 11:28:38,R065,1
158,158,341656,832433,Mon Sep  4 12:09:20 2017,SENTINEL-2A_40697,RELATIVE ORBIT 66,0.6221728485320001,0.01723888,44.1833992,-16.4554996,2017-09-04 12:09:20,-1,2017-09-04 11:09:20,R066,1
159,159,341664,832451,Mon Sep  4 13:50:02 2017,SENTINEL-2A_40697,RELATIVE ORBIT 67,0.6221728485320001,0.01719346,44.1803017,-41.6314011,2017-09-04 13:50:02,-3,2017-09-04 10:50:02,R067,1
160,160,341672,832469,Mon Sep  4 15:30:44 2017,SENTINEL-2A_40697,RELATIVE ORBIT 68,0.6221728485320001,0.01714759,44.1772003,-66.8072968,2017-09-04 15:30:44,-4,2017-09-04 11:30:44,R068,1
161,161,341680,832487,Mon Sep  4 17:11:26 2017,SENTINEL-2A_40697,RELATIVE ORBIT 69,0.6221728485320001,0.01711038,44.1741982,-91.9832001,2017-09-04 17:11:26,-6,2017-09-04 11:11:26,R069,1
162,162,341689,832505,Mon Sep  4 18:52:08 2017,SENTINEL-2A_40697,RELATIVE ORBIT 70,0.6221728485320001,0.01709189,44.1711006,-117.1589966,2017-09-04 18:52:08,-8,2017-09-04 10:52:08,R070,1
163,163,341698,832523,Mon Sep  4 20:32:50 2017,SENTINEL-2A_40697,RELATIVE ORBIT 71,0.6221728485320001,0.01708275,44.1688995,-142.3350067,2017-09-04 20:32:50,-9,2017-09-04 11:32:50,R071,1
164,164,341707,832541,Mon Sep  4 22:13:32 2017,SENTINEL-2A_40697,RELATIVE ORBIT 72,0.6221728485320001,0.01711121,44.1659012,-167.5110016,2017-09-04 22:13:32,-11,2017-09-04 11:13:32,R072,1
165,165,341716,832559,Mon Sep  4 23:54:13 2017,SENTINEL-2A_40697,RELATIVE ORBIT 73,0.6221728485320001,0.01730322,44.2212982,167.3350067,2017-09-04 23:54:13,11,2017-09-05 10:54:13,R073,1
166,166,341726,832578,Tue Sep  5 01:34:56 2017,SENTINEL-2A_40697,RELATIVE ORBIT 74,0.6221728485320001,0.01721771,44.1598015,142.1369934,2017-09-05 01:34:56,9,2017-09-05 10:34:56,R074,1
167,167,341735,832596,Tue Sep  5 03:15:38 2017,SENTINEL-2A_40697,RELATIVE ORBIT 75,0.6221728485320001,0.01727739,44.1567993,116.9609985,2017-09-05 03:15:38,8,2017-09-05 11:15:38,R075,1
168,168,341744,832614,Tue Sep  5 04:56:20 2017,SENTINEL-2A_40697,RELATIVE ORBIT 76,0.6221728485320001,0.01723066,44.1531982,91.785202,2017-09-05 04:56:20,6,2017-09-05 10:56:20,R076,1
169,169,341753,832632,Tue Sep  5 06:37:02 2017,SENTINEL-2A_40697,RELATIVE ORBIT 77,0.6221728485320001,0.01726464,44.1501007,66.6091995,2017-09-05 06:37:02,4,2017-09-05 10:37:02,R077,1
170,170,341763,832650,Tue Sep  5 08:17:44 2017,SENTINEL-2A_40697,RELATIVE ORBIT 78,0.6221728485320001,0.01727621,44.1469994,41.4332008,2017-09-05 08:17:44,3,2017-09-05 11:17:44,R078,1
171,171,341772,832668,Tue Sep  5 09:58:26 2017,SENTINEL-2A_40697,RELATIVE ORBIT 79,0.6221728485320001,0.01726425,44.1439018,16.2572002,2017-09-05 09:58:26,1,2017-09-05 10:58:26,R079,1
172,172,341781,832687,Tue Sep  5 11:39:08 2017,SENTINEL-2A_40697,RELATIVE ORBIT 80,0.622173194258,0.01716205,44.1402016,-8.9188604,2017-09-05 11:39:08,-1,2017-09-05 10:39:08,R080,1
173,173,341789,832705,Tue Sep  5 13:19:49 2017,SENTINEL-2A_40697,RELATIVE ORBIT 81,0.6221728485320001,0.01727514,44.1954994,-34.0733986,2017-09-05 13:19:49,-2,2017-09-05 11:19:49,R081,1
174,174,341798,832724,Tue Sep  5 15:00:31 2017,SENTINEL-2A_40697,RELATIVE ORBIT 82,0.6221728485320001,0.01722719,44.1924019,-59.2494011,2017-09-05 15:00:31,-4,2017-09-05 11:00:31,R082,1
175,175,341807,832743,Tue Sep  5 16:41:13 2017,SENTINEL-2A_40697,RELATIVE ORBIT 83,0.6221728485320001,0.01718596,44.1893005,-84.4253006,2017-09-05 16:41:13,-6,2017-09-05 10:41:13,R083,1
176,176,341815,832761,Tue Sep  5 18:21:55 2017,SENTINEL-2A_40697,RELATIVE ORBIT 84,0.6221728485320001,0.01716036,44.1862984,-109.6009979,2017-09-05 18:21:55,-7,2017-09-05 11:21:55,R084,1
177,177,341823,832779,Tue Sep  5 20:02:37 2017,SENTINEL-2A_40697,RELATIVE ORBIT 85,0.6221728485320001,0.01715631,44.1832008,-134.7769928,2017-09-05 20:02:37,-9,2017-09-05 11:02:37,R085,1
178,178,341832,832798,Tue Sep  5 21:43:19 2017,SENTINEL-2A_40697,RELATIVE ORBIT 86,0.6221719101959999,0.01719463,44.1805,-159.9530029,2017-09-05 21:43:19,-11,2017-09-05 10:43:19,R086,1
179,179,341841,832817,Tue Sep  5 23:24:01 2017,SENTINEL-2A_40697,RELATIVE ORBIT 87,0.6221719101959999,0.01723488,44.1775017,174.8710022,2017-09-05 23:24:01,12,2017-09-06 11:24:01,R087,1
180,180,341849,832835,Wed Sep  6 01:04:42 2017,SENTINEL-2A_40697,RELATIVE ORBIT 88,0.6221719101959999,0.0174271,44.2327995,149.7160034,2017-09-06 01:04:42,10,2017-09-06 11:04:42,R088,1
181,181,341857,832852,Wed Sep  6 02:45:25 2017,SENTINEL-2A_40697,RELATIVE ORBIT 89,0.6221719101959999,0.01734789,44.171299,124.5189972,2017-09-06 02:45:25,8,2017-09-06 10:45:25,R089,1
182,182,341867,832871,Wed Sep  6 04:26:07 2017,SENTINEL-2A_40697,RELATIVE ORBIT 90,0.6221719101959999,0.01740111,44.1682014,99.3429031,2017-09-06 04:26:07,7,2017-09-06 11:26:07,R090,1
183,183,341877,832890,Wed Sep  6 06:06:49 2017,SENTINEL-2A_40697,RELATIVE ORBIT 91,0.6221719101959999,0.01717982,44.1637001,74.16670229999998,2017-09-06 06:06:49,5,2017-09-06 11:06:49,R091,1
184,184,341886,832907,Wed Sep  6 07:47:31 2017,SENTINEL-2A_40697,RELATIVE ORBIT 92,0.622172255923,0.01719325,44.1604996,48.9906998,2017-09-06 07:47:31,3,2017-09-06 10:47:31,R092,1
185,185,341895,832925,Wed Sep  6 09:28:13 2017,SENTINEL-2A_40697,RELATIVE ORBIT 93,0.6221719101959999,0.01718388,44.157299,23.8146992,2017-09-06 09:28:13,2,2017-09-06 11:28:13,R093,1
186,186,341905,832944,Wed Sep  6 11:08:55 2017,SENTINEL-2A_40697,RELATIVE ORBIT 94,0.6221719101959999,0.01715294,44.1540985,-1.3613,2017-09-06 11:08:55,0,2017-09-06 11:08:55,R094,1
187,187,341915,832962,Wed Sep  6 12:49:37 2017,SENTINEL-2A_40697,RELATIVE ORBIT 95,0.6221719101959999,0.01696653,44.1506996,-26.5372009,2017-09-06 12:49:37,-2,2017-09-06 10:49:37,R095,1
188,188,341924,832980,Wed Sep  6 14:30:19 2017,SENTINEL-2A_40697,RELATIVE ORBIT 96,0.6221719101959999,0.01691355,44.1475983,-51.7131004,2017-09-06 14:30:19,-3,2017-09-06 11:30:19,R096,1
189,189,341933,832998,Wed Sep  6 16:11:01 2017,SENTINEL-2A_40697,RELATIVE ORBIT 97,0.6221719101959999,0.0168643,44.1444016,-76.8889999,2017-09-06 16:11:01,-5,2017-09-06 11:11:01,R097,1
190,190,341943,833018,Wed Sep  6 17:51:43 2017,SENTINEL-2A_40697,RELATIVE ORBIT 98,0.622172255923,0.01682732,44.1413002,-102.0650024,2017-09-06 17:51:43,-7,2017-09-06 10:51:43,R098,1
191,191,341952,833037,Wed Sep  6 19:32:24 2017,SENTINEL-2A_40697,RELATIVE ORBIT 99,0.6221719101959999,0.01696966,44.1966019,-127.2200012,2017-09-06 19:32:24,-8,2017-09-06 11:32:24,R099,1
192,192,341960,833055,Wed Sep  6 21:13:06 2017,SENTINEL-2A_40697,RELATIVE ORBIT 100,0.6221719101959999,0.01687768,44.1943016,-152.3950043,2017-09-06 21:13:06,-10,2017-09-06 11:13:06,R100,1
193,193,341969,833074,Wed Sep  6 22:53:48 2017,SENTINEL-2A_40697,RELATIVE ORBIT 101,0.6221719101959999,0.01690958,44.1912003,-177.5709991,2017-09-06 22:53:48,-12,2017-09-06 10:53:48,R101,1
194,194,341978,833093,Thu Sep  7 00:34:30 2017,SENTINEL-2A_40697,RELATIVE ORBIT 102,0.6221719101959999,0.01695769,44.1882019,157.253006,2017-09-07 00:34:30,10,2017-09-07 10:34:30,R102,1
195,195,341987,833112,Thu Sep  7 02:15:12 2017,SENTINEL-2A_40697,RELATIVE ORBIT 103,0.6221719101959999,0.01701333,44.1850014,132.0769958,2017-09-07 02:15:12,9,2017-09-07 11:15:12,R103,1
196,196,341995,833130,Thu Sep  7 03:55:54 2017,SENTINEL-2A_40697,RELATIVE ORBIT 104,0.6221728485320001,0.01706667,44.1819,106.901001,2017-09-07 03:55:54,7,2017-09-07 10:55:54,R104,1
197,197,342003,833148,Thu Sep  7 05:36:36 2017,SENTINEL-2A_40697,RELATIVE ORBIT 105,0.6221728485320001,0.01704517,44.1787987,81.72480009999998,2017-09-07 05:36:36,5,2017-09-07 10:36:36,R105,1
198,198,342012,833167,Thu Sep  7 07:17:18 2017,SENTINEL-2A_40697,RELATIVE ORBIT 106,0.6221728485320001,0.01706673,44.1755981,56.5488014,2017-09-07 07:17:18,4,2017-09-07 11:17:18,R106,1
199,199,342021,833186,Thu Sep  7 08:58:00 2017,SENTINEL-2A_40697,RELATIVE ORBIT 107,0.6221728485320001,0.01706494,44.1724014,31.3728008,2017-09-07 08:58:00,2,2017-09-07 10:58:00,R107,1
200,200,342030,833204,Thu Sep  7 10:38:42 2017,SENTINEL-2A_40697,RELATIVE ORBIT 108,0.6221728485320001,0.01704053,44.1692009,6.1968498,2017-09-07 10:38:42,0,2017-09-07 10:38:42,R108,1
201,201,342039,833221,Thu Sep  7 12:19:24 2017,SENTINEL-2A_40697,RELATIVE ORBIT 109,0.6221728485320001,0.01683785,44.1655998,-18.9790993,2017-09-07 12:19:24,-1,2017-09-07 11:19:24,R109,1
202,202,342049,833240,Thu Sep  7 14:00:06 2017,SENTINEL-2A_40697,RELATIVE ORBIT 110,0.6221728485320001,0.01678601,44.1623993,-44.1551018,2017-09-07 14:00:06,-3,2017-09-07 11:00:06,R110,1
203,203,342059,833259,Thu Sep  7 15:40:48 2017,SENTINEL-2A_40697,RELATIVE ORBIT 111,0.6221728485320001,0.01673396,44.1591988,-69.3310013,2017-09-07 15:40:48,-5,2017-09-07 10:40:48,R111,1
204,204,342068,833277,Thu Sep  7 17:21:30 2017,SENTINEL-2A_40697,RELATIVE ORBIT 112,0.6221728485320001,0.01669345,44.1561012,-94.506897,2017-09-07 17:21:30,-6,2017-09-07 11:21:30,R112,1
205,205,342077,833295,Thu Sep  7 19:02:12 2017,SENTINEL-2A_40697,RELATIVE ORBIT 113,0.6221728485320001,0.01667135,44.1529999,-119.6829987,2017-09-07 19:02:12,-8,2017-09-07 11:02:12,R113,1
206,206,342087,833314,Thu Sep  7 20:42:54 2017,SENTINEL-2A_40697,RELATIVE ORBIT 114,0.6221728485320001,0.01653063,44.1501007,-144.8589935,2017-09-07 20:42:54,-10,2017-09-07 10:42:54,R114,1
207,207,342097,833333,Thu Sep  7 22:23:36 2017,SENTINEL-2A_40697,RELATIVE ORBIT 115,0.6221728485320001,0.01655434,44.1469994,-170.0350037,2017-09-07 22:23:36,-11,2017-09-07 11:23:36,R115,1
208,208,342106,833351,Fri Sep  8 00:04:17 2017,SENTINEL-2A_40697,RELATIVE ORBIT 116,0.6221728485320001,0.01675134,44.202301,164.8110046,2017-09-08 00:04:17,11,2017-09-08 11:04:17,R116,1
209,209,342115,833370,Fri Sep  8 01:45:00 2017,SENTINEL-2A_40697,RELATIVE ORBIT 117,0.6221728485320001,0.01664746,44.1408005,139.6130066,2017-09-08 01:45:00,9,2017-09-08 10:45:00,R117,1
210,210,342124,833389,Fri Sep  8 03:25:41 2017,SENTINEL-2A_40697,RELATIVE ORBIT 118,0.6221728485320001,0.01685885,44.1960983,114.4589996,2017-09-08 03:25:41,8,2017-09-08 11:25:41,R118,1
211,211,342133,833408,Fri Sep  8 05:06:23 2017,SENTINEL-2A_40697,RELATIVE ORBIT 119,0.6221728485320001,0.01668592,44.1921005,89.2826004,2017-09-08 05:06:23,6,2017-09-08 11:06:23,R119,1
212,212,342141,833426,Fri Sep  8 06:47:05 2017,SENTINEL-2A_40697,RELATIVE ORBIT 120,0.6221728485320001,0.01671121,44.1889,64.1064987,2017-09-08 06:47:05,4,2017-09-08 10:47:05,R120,1
213,213,342149,833444,Fri Sep  8 08:27:47 2017,SENTINEL-2A_40697,RELATIVE ORBIT 121,0.6221728485320001,0.0167138,44.1856003,38.9305,2017-09-08 08:27:47,3,2017-09-08 11:27:47,R121,1
214,214,342158,833463,Fri Sep  8 10:08:29 2017,SENTINEL-2A_40697,RELATIVE ORBIT 122,0.6221728485320001,0.0166931,44.1823997,13.7545004,2017-09-08 10:08:29,1,2017-09-08 11:08:29,R122,1
215,215,342167,833481,Fri Sep  8 11:49:11 2017,SENTINEL-2A_40697,RELATIVE ORBIT 123,0.6221728485320001,0.0162706,44.1781998,-11.4214001,2017-09-08 11:49:11,-1,2017-09-08 10:49:11,R123,1
216,216,342175,833499,Fri Sep  8 13:29:53 2017,SENTINEL-2A_40697,RELATIVE ORBIT 124,0.6221728485320001,0.01621678,44.1749992,-36.5974007,2017-09-08 13:29:53,-2,2017-09-08 11:29:53,R124,1
217,217,342183,833516,Fri Sep  8 15:10:35 2017,SENTINEL-2A_40697,RELATIVE ORBIT 125,0.6221728485320001,0.01616065,44.1717987,-61.7733002,2017-09-08 15:10:35,-4,2017-09-08 11:10:35,R125,1
218,218,342192,833534,Fri Sep  8 16:51:17 2017,SENTINEL-2A_40697,RELATIVE ORBIT 126,0.6221728485320001,0.01611231,44.1685982,-86.9493027,2017-09-08 16:51:17,-6,2017-09-08 10:51:17,R126,1
219,219,342202,833553,Fri Sep  8 18:31:59 2017,SENTINEL-2A_40697,RELATIVE ORBIT 127,0.6221728485320001,0.01608034,44.1654015,-112.125,2017-09-08 18:31:59,-7,2017-09-08 11:31:59,R127,1
220,220,342212,833572,Fri Sep  8 20:12:41 2017,SENTINEL-2A_40697,RELATIVE ORBIT 128,0.6221728485320001,0.01423513,44.1582985,-137.3009949,2017-09-08 20:12:41,-9,2017-09-08 11:12:41,R128,1
221,221,342221,833590,Fri Sep  8 21:53:23 2017,SENTINEL-2A_40697,RELATIVE ORBIT 129,0.6221719101959999,0.01424057,44.1549988,-162.477005,2017-09-08 21:53:23,-11,2017-09-08 10:53:23,R129,1
222,222,342230,833608,Fri Sep  8 23:34:04 2017,SENTINEL-2A_40697,RELATIVE ORBIT 130,0.6221719101959999,0.01441835,44.2100983,172.3690033,2017-09-08 23:34:04,11,2017-09-09 10:34:04,R130,1
223,223,342240,833627,Sat Sep  9 01:14:47 2017,SENTINEL-2A_40697,RELATIVE ORBIT 131,0.6221719101959999,0.01430491,44.1483994,147.1710052,2017-09-09 01:14:47,10,2017-09-09 11:14:47,R131,1
224,224,342250,833646,Sat Sep  9 02:55:29 2017,SENTINEL-2A_40697,RELATIVE ORBIT 132,0.6221719101959999,0.01434642,44.1450996,121.9950027,2017-09-09 02:55:29,8,2017-09-09 10:55:29,R132,1
225,225,342259,833756,Sat Sep  9 12:59:40 2017,SENTINEL-2A_40697,RELATIVE ORBIT 138,0.6221719101959999,0.01437882,44.1819,-29.0403996,2017-09-09 12:59:40,-2,2017-09-09 10:59:40,R138,1
226,226,342268,833775,Sat Sep  9 14:40:22 2017,SENTINEL-2A_40697,RELATIVE ORBIT 139,0.6221719101959999,0.01431273,44.1783981,-54.2164001,2017-09-09 14:40:22,-4,2017-09-09 10:40:22,R139,1
227,227,342277,833794,Sat Sep  9 16:21:04 2017,SENTINEL-2A_40697,RELATIVE ORBIT 140,0.6221719101959999,0.01425133,44.1749992,-79.3925018,2017-09-09 16:21:04,-5,2017-09-09 11:21:04,R140,1
228,228,342285,833812,Sat Sep  9 18:01:46 2017,SENTINEL-2A_40697,RELATIVE ORBIT 141,0.6221719101959999,0.0142038,44.1716003,-104.5680008,2017-09-09 18:01:46,-7,2017-09-09 11:01:46,R141,1
229,229,342294,833830,Sat Sep  9 19:42:28 2017,SENTINEL-2A_40697,RELATIVE ORBIT 142,0.6221719101959999,0.01417569,44.1682014,-129.7449951,2017-09-09 19:42:28,-9,2017-09-09 10:42:28,R142,1
230,230,342304,833849,Sat Sep  9 21:23:10 2017,SENTINEL-2A_40697,RELATIVE ORBIT 143,0.6221719101959999,0.01396194,44.168499,-154.9190063,2017-09-09 21:23:10,-10,2017-09-09 11:23:10,R143,1
231,231,342313,833867,Sun Sep 10 00:44:33 2017,SENTINEL-2A_40697,RELATIVE ORBIT 2,0.6221728485320001,0.01420379,44.2207985,154.75,2017-09-10 00:44:33,10,2017-09-10 10:44:33,R002,1
232,232,342322,833885,Sun Sep 10 02:25:16 2017,SENTINEL-2A_40697,RELATIVE ORBIT 3,0.6221728485320001,0.01412013,44.1593018,129.5529938,2017-09-10 02:25:16,9,2017-09-10 11:25:16,R003,1
233,233,342332,833904,Sun Sep 10 04:05:58 2017,SENTINEL-2A_40697,RELATIVE ORBIT 4,0.6221728485320001,0.01417996,44.1562004,104.3769989,2017-09-10 04:05:58,7,2017-09-10 11:05:58,R004,1
234,234,342342,833923,Sun Sep 10 05:46:40 2017,SENTINEL-2A_40697,RELATIVE ORBIT 5,0.6221728485320001,0.01417994,44.1511002,79.20020289999998,2017-09-10 05:46:40,5,2017-09-10 10:46:40,R005,1
235,235,342351,833941,Sun Sep 10 07:27:22 2017,SENTINEL-2A_40697,RELATIVE ORBIT 6,0.6221728485320001,0.01419419,44.1478004,54.0241013,2017-09-10 07:27:22,4,2017-09-10 11:27:22,R006,1
236,236,342360,833959,Sun Sep 10 09:08:04 2017,SENTINEL-2A_40697,RELATIVE ORBIT 7,0.6221728485320001,0.01418426,44.1444016,28.8481007,2017-09-10 09:08:04,2,2017-09-10 11:08:04,R007,1
237,237,342370,833978,Sun Sep 10 10:48:46 2017,SENTINEL-2A_40697,RELATIVE ORBIT 8,0.6221728485320001,0.01415329,44.1411018,3.67207,2017-09-10 10:48:46,0,2017-09-10 10:48:46,R008,1
238,238,342379,833997,Sun Sep 10 12:29:27 2017,SENTINEL-2A_40697,RELATIVE ORBIT 9,0.6221728485320001,0.01426678,44.1962013,-21.4825993,2017-09-10 12:29:27,-1,2017-09-10 11:29:27,R009,1
239,239,342387,834015,Sun Sep 10 14:10:09 2017,SENTINEL-2A_40697,RELATIVE ORBIT 10,0.6221728485320001,0.01421299,44.1929016,-46.6585999,2017-09-10 14:10:09,-3,2017-09-10 11:10:09,R010,1
240,240,342395,834033,Sun Sep 10 15:50:51 2017,SENTINEL-2A_40697,RELATIVE ORBIT 11,0.6221728485320001,0.01416122,44.1896019,-71.8345032,2017-09-10 15:50:51,-5,2017-09-10 10:50:51,R011,1
241,241,342404,834052,Sun Sep 10 17:31:33 2017,SENTINEL-2A_40697,RELATIVE ORBIT 12,0.6221728485320001,0.01412111,44.1862984,-97.010498,2017-09-10 17:31:33,-6,2017-09-10 11:31:33,R012,1
242,242,342413,834071,Sun Sep 10 19:12:15 2017,SENTINEL-2A_40697,RELATIVE ORBIT 13,0.6221728485320001,0.01409915,44.1831017,-122.1869965,2017-09-10 19:12:15,-8,2017-09-10 11:12:15,R013,1
243,243,342421,834089,Sun Sep 10 20:52:57 2017,SENTINEL-2A_40697,RELATIVE ORBIT 14,0.6221728485320001,0.01410099,44.1797981,-147.3630066,2017-09-10 20:52:57,-10,2017-09-10 10:52:57,R014,1
244,244,342430,834108,Sun Sep 10 22:33:39 2017,SENTINEL-2A_40697,RELATIVE ORBIT 15,0.6221728485320001,0.01412507,44.1766014,-172.5390015,2017-09-10 22:33:39,-12,2017-09-10 10:33:39,R015,1
245,245,342439,834127,Mon Sep 11 00:14:21 2017,SENTINEL-2A_40697,RELATIVE ORBIT 16,0.6221728485320001,0.01416656,44.1734009,162.2850037,2017-09-11 00:14:21,11,2017-09-11 11:14:21,R016,1
246,246,342448,834146,Mon Sep 11 01:55:03 2017,SENTINEL-2A_40697,RELATIVE ORBIT 17,0.6221728485320001,0.01421729,44.1701012,137.1089935,2017-09-11 01:55:03,9,2017-09-11 10:55:03,R017,1
247,247,342457,834164,Mon Sep 11 03:35:45 2017,SENTINEL-2A_40697,RELATIVE ORBIT 18,0.622173194258,0.01426642,44.1669006,111.9329987,2017-09-11 03:35:45,7,2017-09-11 10:35:45,R018,1
248,248,342466,834182,Mon Sep 11 05:16:27 2017,SENTINEL-2A_40697,RELATIVE ORBIT 19,0.6221728485320001,0.01430585,44.1636009,86.757103,2017-09-11 05:16:27,6,2017-09-11 11:16:27,R019,1
249,249,342475,834200,Mon Sep 11 06:57:09 2017,SENTINEL-2A_40697,RELATIVE ORBIT 20,0.6221728485320001,0.01432697,44.1601982,61.5810013,2017-09-11 06:57:09,4,2017-09-11 10:57:09,R020,1
250,250,342485,834219,Mon Sep 11 08:37:51 2017,SENTINEL-2A_40697,RELATIVE ORBIT 21,0.6221728485320001,0.01432536,44.1568985,36.4049988,2017-09-11 08:37:51,2,2017-09-11 10:37:51,R021,1
251,251,342495,834238,Mon Sep 11 10:18:33 2017,SENTINEL-2A_40697,RELATIVE ORBIT 22,0.6221728485320001,0.01430099,44.1535988,11.2290001,2017-09-11 10:18:33,1,2017-09-11 11:18:33,R022,1
252,252,342504,834256,Mon Sep 11 11:59:15 2017,SENTINEL-2A_40697,RELATIVE ORBIT 23,0.6221728485320001,0.01425811,44.1501999,-13.9469995,2017-09-11 11:59:15,-1,2017-09-11 10:59:15,R023,1
253,253,342513,834274,Mon Sep 11 13:39:57 2017,SENTINEL-2A_40697,RELATIVE ORBIT 24,0.6221728485320001,0.01420355,44.1469002,-39.1230011,2017-09-11 13:39:57,-3,2017-09-11 10:39:57,R024,1
254,254,342523,834293,Mon Sep 11 15:20:39 2017,SENTINEL-2A_40697,RELATIVE ORBIT 25,0.6221728485320001,0.01414896,44.1436005,-64.2990036,2017-09-11 15:20:39,-4,2017-09-11 11:20:39,R025,1
255,255,319522,779118,Mon Sep 11 00:48:23 2017,SENTINEL-2A_40697,RELATIVE ORBIT 16,1.39331010387,0.01211644,-74.54889679999998,112.6060028,2017-09-11 00:48:23,8,2017-09-11 08:48:23,R016,1
256,256,216937,529132,Fri Sep  8 00:36:01 2017,SENTINEL-2A_40697,RELATIVE ORBIT 116,0.8383413356730001,0.00701481,-67.2815018,127.5429993,2017-09-08 00:36:01,9,2017-09-08 09:36:01,R116,1
257,257,114210,278993,Tue Sep  5 00:26:34 2017,SENTINEL-2A_40697,RELATIVE ORBIT 73,0.904587414074,0.0063204,-69.2705002,127.5550003,2017-09-05 00:26:34,9,2017-09-05 09:26:34,R073,1
258,258,11863,28765,Sat Sep  2 00:17:02 2017,SENTINEL-2A_40697,RELATIVE ORBIT 30,1.02742362373,0.0069078,-70.9610977,127.5289993,2017-09-02 00:17:02,9,2017-09-02 09:17:02,R030,1
259,259,250090,610681,Sat Sep  9 00:07:23 2017,SENTINEL-2A_40697,RELATIVE ORBIT 130,1.10859447346,0.01184256,-72.3478012,127.5879974,2017-09-09 00:07:23,9,2017-09-09 09:07:23,R130,1
260,260,45073,110328,Sat Sep  2 23:48:01 2017,SENTINEL-2A_40697,RELATIVE ORBIT 44,1.3933091674200002,0.01028231,-74.6242981,127.5039978,2017-09-02 23:48:01,9,2017-09-03 08:48:01,R044,1
261,261,283855,691944,Sat Sep  9 23:35:37 2017,SENTINEL-2A_40697,RELATIVE ORBIT 1,0.8383413356730001,0.01159572,-67.3780975,142.5420074,2017-09-09 23:35:37,10,2017-09-10 09:35:37,R001,1
262,262,180921,441875,Wed Sep  6 23:26:10 2017,SENTINEL-2A_40697,RELATIVE ORBIT 101,0.931111400704,0.00672109,-69.3518982,142.5469971,2017-09-06 23:26:10,10,2017-09-07 09:26:10,R101,1
263,263,78686,191689,Sun Sep  3 23:16:38 2017,SENTINEL-2A_40697,RELATIVE ORBIT 58,1.0274244830200001,0.00840175,-71.0381012,142.5070038,2017-09-03 23:16:38,10,2017-09-04 09:16:38,R058,1
264,264,317017,773233,Sun Sep 10 23:06:59 2017,SENTINEL-2A_40697,RELATIVE ORBIT 15,1.10859358896,0.01144752,-72.4285965,142.5390015,2017-09-10 23:06:59,10,2017-09-11 09:06:59,R015,1
265,265,9497,22862,Fri Sep  1 22:35:15 2017,SENTINEL-2A_40697,RELATIVE ORBIT 29,0.8383413356730001,0.00649379,-67.4664001,157.5359955,2017-09-01 22:35:15,11,2017-09-02 09:35:15,R029,1
266,266,247734,604788,Fri Sep  8 22:25:46 2017,SENTINEL-2A_40697,RELATIVE ORBIT 129,0.931111400703,0.01086722,-69.4461975,157.5249939,2017-09-08 22:25:46,11,2017-09-09 09:25:46,R129,1
267,267,145437,354681,Tue Sep  5 22:16:13 2017,SENTINEL-2A_40697,RELATIVE ORBIT 86,1.0274244830200001,0.00899291,-71.06349950000002,157.5700073,2017-09-05 22:16:13,11,2017-09-06 09:16:13,R086,1
268,268,42571,104481,Sat Sep  2 22:06:36 2017,SENTINEL-2A_40697,RELATIVE ORBIT 43,1.10859447346,0.00664012,-72.4564972,157.5800018,2017-09-02 22:06:36,11,2017-09-03 09:06:36,R043,1
269,269,281490,686327,Sat Sep  9 21:56:54 2017,SENTINEL-2A_40697,RELATIVE ORBIT 143,1.26315699586,0.01367853,-73.6579971,157.5709991,2017-09-09 21:56:54,11,2017-09-10 08:56:54,R143,1
270,270,178559,436130,Wed Sep  6 21:47:11 2017,SENTINEL-2A_40697,RELATIVE ORBIT 100,1.39331010387,0.01127446,-74.6720963,157.5890045,2017-09-06 21:47:11,11,2017-09-07 08:47:11,R100,1
271,271,76322,185802,Sun Sep  3 21:34:51 2017,SENTINEL-2A_40697,RELATIVE ORBIT 57,0.838340576909,0.00628314,-67.5462036,172.5480042,2017-09-03 21:34:51,12,2017-09-04 09:34:51,R057,1
272,272,314669,767481,Sun Sep 10 21:25:22 2017,SENTINEL-2A_40697,RELATIVE ORBIT 14,0.931111400703,0.0127245,-69.5302963,172.5140076,2017-09-10 21:25:22,12,2017-09-11 09:25:22,R014,1
273,273,212208,517569,Thu Sep  7 21:15:49 2017,SENTINEL-2A_40697,RELATIVE ORBIT 114,1.0274244830200001,0.00981084,-71.1433029,172.5429993,2017-09-07 21:15:49,12,2017-09-08 09:15:49,R114,1
274,274,109370,267417,Mon Sep  4 21:06:12 2017,SENTINEL-2A_40697,RELATIVE ORBIT 71,1.15532493156,0.00829105,-72.5317993,172.5379944,2017-09-04 21:06:12,12,2017-09-05 09:06:12,R071,1
275,275,7150,17147,Fri Sep  1 20:56:31 2017,SENTINEL-2A_40697,RELATIVE ORBIT 28,1.26315699586,0.01018635,-73.6889038,172.5950012,2017-09-01 20:56:31,12,2017-09-02 08:56:31,R028,1
276,276,245364,599137,Fri Sep  8 20:46:46 2017,SENTINEL-2A_40697,RELATIVE ORBIT 128,1.39331010387,0.01341986,-74.7090988,172.602005,2017-09-08 20:46:46,12,2017-09-09 08:46:46,R128,1
277,277,245364,599137,Fri Sep  8 20:46:46 2017,SENTINEL-2A_40697,RELATIVE ORBIT 128,1.39331010387,0.01341986,-74.7090988,172.602005,2017-09-08 20:46:46,12,2017-09-09 08:46:46,R128,1
278,278,7150,17147,Fri Sep  1 20:56:31 2017,SENTINEL-2A_40697,RELATIVE ORBIT 28,1.26315699586,0.01018635,-73.6889038,172.5950012,2017-09-01 20:56:31,12,2017-09-02 08:56:31,R028,1
279,279,109370,267417,Mon Sep  4 21:06:12 2017,SENTINEL-2A_40697,RELATIVE ORBIT 71,1.15532493156,0.00829105,-72.5317993,172.5379944,2017-09-04 21:06:12,12,2017-09-05 09:06:12,R071,1
280,280,212208,517569,Thu Sep  7 21:15:49 2017,SENTINEL-2A_40697,RELATIVE ORBIT 114,1.0274244830200001,0.00981084,-71.1433029,172.5429993,2017-09-07 21:15:49,12,2017-09-08 09:15:49,R114,1
281,281,314669,767481,Sun Sep 10 21:25:22 2017,SENTINEL-2A_40697,RELATIVE ORBIT 14,0.931111400703,0.0127245,-69.5302963,172.5140076,2017-09-10 21:25:22,12,2017-09-11 09:25:22,R014,1
282,282,76322,185802,Sun Sep  3 21:34:51 2017,SENTINEL-2A_40697,RELATIVE ORBIT 57,0.838340576909,0.00628314,-67.5462036,172.5480042,2017-09-03 21:34:51,12,2017-09-04 09:34:51,R057,1
283,283,178559,436130,Wed Sep  6 21:47:11 2017,SENTINEL-2A_40697,RELATIVE ORBIT 100,1.39331010387,0.01127446,-74.6720963,157.5890045,2017-09-06 21:47:11,11,2017-09-07 08:47:11,R100,1
284,284,281490,686327,Sat Sep  9 21:56:54 2017,SENTINEL-2A_40697,RELATIVE ORBIT 143,1.26315699586,0.01367853,-73.6579971,157.5709991,2017-09-09 21:56:54,11,2017-09-10 08:56:54,R143,1
285,285,42571,104481,Sat Sep  2 22:06:36 2017,SENTINEL-2A_40697,RELATIVE ORBIT 43,1.10859447346,0.00664012,-72.4564972,157.5800018,2017-09-02 22:06:36,11,2017-09-03 09:06:36,R043,1
286,286,145437,354681,Tue Sep  5 22:16:13 2017,SENTINEL-2A_40697,RELATIVE ORBIT 86,1.0274244830200001,0.00899291,-71.06349950000002,157.5700073,2017-09-05 22:16:13,11,2017-09-06 09:16:13,R086,1
287,287,247734,604788,Fri Sep  8 22:25:46 2017,SENTINEL-2A_40697,RELATIVE ORBIT 129,0.931111400703,0.01086722,-69.4461975,157.5249939,2017-09-08 22:25:46,11,2017-09-09 09:25:46,R129,1
288,288,9497,22862,Fri Sep  1 22:35:15 2017,SENTINEL-2A_40697,RELATIVE ORBIT 29,0.8383413356730001,0.00649379,-67.4664001,157.5359955,2017-09-01 22:35:15,11,2017-09-02 09:35:15,R029,1
289,289,111847,273277,Mon Sep  4 22:47:36 2017,SENTINEL-2A_40697,RELATIVE ORBIT 72,1.39331010387,0.01091334,-74.6470032,142.5509949,2017-09-04 22:47:36,10,2017-09-05 08:47:36,R072,1
290,290,111847,273277,Mon Sep  4 22:47:36 2017,SENTINEL-2A_40697,RELATIVE ORBIT 72,1.39331010387,0.01091334,-74.6470032,142.5509949,2017-09-04 22:47:36,10,2017-09-05 08:47:36,R072,1
291,291,214584,523440,Thu Sep  7 22:57:19 2017,SENTINEL-2A_40697,RELATIVE ORBIT 115,1.26315659867,0.01023987,-73.6192017,142.5469971,2017-09-07 22:57:19,10,2017-09-08 08:57:19,R115,1
292,292,317017,773233,Sun Sep 10 23:06:59 2017,SENTINEL-2A_40697,RELATIVE ORBIT 15,1.10859358896,0.01144752,-72.4285965,142.5390015,2017-09-10 23:06:59,10,2017-09-11 09:06:59,R015,1
293,293,78686,191689,Sun Sep  3 23:16:38 2017,SENTINEL-2A_40697,RELATIVE ORBIT 58,1.0274244830200001,0.00840175,-71.0381012,142.5070038,2017-09-03 23:16:38,10,2017-09-04 09:16:38,R058,1
294,294,180921,441875,Wed Sep  6 23:26:10 2017,SENTINEL-2A_40697,RELATIVE ORBIT 101,0.931111400704,0.00672109,-69.3518982,142.5469971,2017-09-06 23:26:10,10,2017-09-07 09:26:10,R101,1
295,295,283855,691944,Sat Sep  9 23:35:37 2017,SENTINEL-2A_40697,RELATIVE ORBIT 1,0.8383413356730001,0.01159572,-67.3780975,142.5420074,2017-09-09 23:35:37,10,2017-09-10 09:35:37,R001,1
296,296,45073,110328,Sat Sep  2 23:48:01 2017,SENTINEL-2A_40697,RELATIVE ORBIT 44,1.3933091674200002,0.01028231,-74.6242981,127.5039978,2017-09-02 23:48:01,9,2017-09-03 08:48:01,R044,1
297,297,147793,360462,Tue Sep  5 23:57:43 2017,SENTINEL-2A_40697,RELATIVE ORBIT 87,1.26315699586,0.00847842,-73.5428009,127.6139984,2017-09-05 23:57:43,9,2017-09-06 08:57:43,R087,1
298,298,250090,610681,Sat Sep  9 00:07:23 2017,SENTINEL-2A_40697,RELATIVE ORBIT 130,1.10859447346,0.01184256,-72.3478012,127.5879974,2017-09-09 00:07:23,9,2017-09-09 09:07:23,R130,1
299,299,11863,28765,Sat Sep  2 00:17:02 2017,SENTINEL-2A_40697,RELATIVE ORBIT 30,1.02742362373,0.0069078,-70.9610977,127.5289993,2017-09-02 00:17:02,9,2017-09-02 09:17:02,R030,1
300,300,114210,278993,Tue Sep  5 00:26:34 2017,SENTINEL-2A_40697,RELATIVE ORBIT 73,0.904587414074,0.0063204,-69.2705002,127.5550003,2017-09-05 00:26:34,9,2017-09-05 09:26:34,R073,1
301,301,216937,529132,Fri Sep  8 00:36:01 2017,SENTINEL-2A_40697,RELATIVE ORBIT 116,0.8383413356730001,0.00701481,-67.2815018,127.5429993,2017-09-08 00:36:01,9,2017-09-08 09:36:01,R116,1
302,302,319522,779118,Mon Sep 11 00:48:23 2017,SENTINEL-2A_40697,RELATIVE ORBIT 16,1.39331010387,0.01211644,-74.54889679999998,112.6060028,2017-09-11 00:48:23,8,2017-09-11 08:48:23,R016,1
303,303,147793,360462,Tue Sep  5 23:57:43 2017,SENTINEL-2A_40697,RELATIVE ORBIT 87,1.26315699586,0.00847842,-73.5428009,127.6139984,2017-09-05 23:57:43,9,2017-09-06 08:57:43,R087,1
304,304,214584,523440,Thu Sep  7 22:57:19 2017,SENTINEL-2A_40697,RELATIVE ORBIT 115,1.26315659867,0.01023987,-73.6192017,142.5469971,2017-09-07 22:57:19,10,2017-09-08 08:57:19,R115,1
